threshold,sensitivity,specificity
-Inf,1,0
0.055,1,7.611508601004719e-5
0.065,0.9966755319148937,0.0203227279646826
0.07500000000000001,0.9820478723404256,0.23359719896483483
0.08130000000000001,0.9547872340425532,0.44801339625513775
0.08355000000000001,0.9547872340425532,0.44808951134114783
0.08725,0.9547872340425532,0.44816562642715785
0.09015000000000001,0.9208776595744681,0.7237022377835287
0.09515000000000001,0.9208776595744681,0.7237783528695387
0.10500000000000001,0.8882978723404256,0.8498249353021768
0.11499999999999999,0.867686170212766,0.8812604658243264
0.125,0.84375,0.8940478002740143
0.135,0.8297872340425532,0.9002131222408282
0.14500000000000002,0.8118351063829787,0.9063023291216319
0.155,0.8018617021276596,0.9099558532501142
0.165,0.788563829787234,0.9136093773785965
0.175,0.7845744680851063,0.9155883696148577
0.185,0.776595744680851,0.9181001674531892
0.1905,0.7706117021276596,0.9203836200334906
0.1955,0.7706117021276596,0.9204597351195006
0.20500000000000002,0.7579787234042553,0.9224387273557619
0.215,0.7513297872340425,0.9243416045060131
0.225,0.7480053191489362,0.9250266402801035
0.235,0.7440159574468085,0.9260922514842441
0.245,0.738031914893617,0.9270056325163647
0.255,0.7313829787234043,0.927462323032425
0.265,0.7253989361702128,0.9285279342365657
0.275,0.7207446808510638,0.9292890850966662
0.28500000000000003,0.7167553191489362,0.930506926472827
0.295,0.714095744680851,0.930735271730857
0.305,0.7074468085106383,0.9314203075049475
0.315,0.7007978723404256,0.932333688537068
0.325,0.6961436170212766,0.9331709544831785
0.335,0.6928191489361702,0.9337798751712589
0.345,0.6894946808510638,0.9349216014614097
0.355,0.6848404255319149,0.9355305221494901
0.365,0.6821808510638298,0.9360633277515603
0.375,0.6808510638297872,0.9369767087836809
0.385,0.6775265957446809,0.9374333992997412
0.395,0.675531914893617,0.9378139747297914
0.405,0.6735372340425532,0.9382706652458517
0.415,0.6695478723404256,0.938727355761912
0.425,0.6648936170212766,0.9394123915360024
0.435,0.6615691489361702,0.9397929669660526
0.445,0.6602393617021277,0.940325772568123
0.455,0.6575797872340425,0.9406302329121632
0.46499999999999997,0.6529255319148937,0.9410108083422134
0.475,0.6509308510638298,0.9414674988582737
0.485,0.6482712765957447,0.9417719592023139
0.495,0.6462765957446809,0.941924189374334
0.505,0.6422872340425532,0.9422286497183742
0.515,0.6402925531914894,0.9424569949764043
0.525,0.6389627659574468,0.9429136854924646
0.535,0.6329787234042553,0.9429898005784747
0.545,0.6276595744680851,0.9432181458365048
0.555,0.6256648936170213,0.943522606180545
0.565,0.6230053191489362,0.9439792966966053
0.575,0.6196808510638298,0.9442076419546354
0.585,0.617686170212766,0.9451210229867559
0.595,0.6143617021276596,0.9456538285888263
0.605,0.6136968085106383,0.9459582889328665
0.615,0.6097074468085106,0.9462627492769067
0.625,0.6077127659574468,0.9464149794489268
0.635,0.6030585106382979,0.9465672096209469
0.645,0.601063829787234,0.9469477850509971
0.655,0.5990691489361702,0.9471761303090273
0.665,0.5964095744680851,0.9476328208250875
0.675,0.5950797872340425,0.9480133962551378
0.685,0.5930851063829787,0.9482417415131679
0.695,0.5877659574468085,0.948317856599178
0.705,0.5857712765957447,0.948470086771198
0.715,0.5837765957446809,0.9486223169432182
0.725,0.581781914893617,0.9492312376312986
0.735,0.5784574468085106,0.9494595828893286
0.745,0.5777925531914894,0.9496879281473588
0.7535000000000001,0.5751329787234043,0.949916273405389
0.7585,0.5751329787234043,0.949992388491399
0.765,0.5724734042553191,0.9502207337494292
0.775,0.5691489361702128,0.9507535393514994
0.785,0.5664893617021277,0.9508296544375096
0.795,0.5644946808510638,0.9510579996955396
0.805,0.5625,0.9513624600395798
0.815,0.5618351063829787,0.95159080529761
0.825,0.5585106382978723,0.9518952656416502
0.835,0.557845744680851,0.9518952656416502
0.845,0.5571808510638298,0.9521997259856904
0.855,0.555186170212766,0.9528086466737707
0.865,0.5538563829787234,0.9529608768457908
0.875,0.5531914893617021,0.9529608768457908
0.885,0.5518617021276596,0.9530369919318009
0.895,0.5485372340425532,0.9533414522758411
0.905,0.5465425531914894,0.9535697975338712
0.915,0.5458776595744681,0.9536459126198813
0.925,0.5452127659574468,0.9540264880499315
0.935,0.5445478723404256,0.9540264880499315
0.945,0.5425531914893617,0.9542548333079617
0.955,0.5425531914893617,0.9545592936520019
0.965,0.5405585106382979,0.9546354087380119
0.975,0.538563829787234,0.9548637539960421
0.985,0.5365691489361702,0.9548637539960421
0.995,0.5332446808510638,0.9550159841680621
1.005,0.5332446808510638,0.9553204445121023
1.0150000000000001,0.5332446808510638,0.9554726746841224
1.025,0.5325797872340425,0.9557771350281625
1.0350000000000001,0.5305851063829787,0.9559293652001827
1.045,0.5279255319148937,0.9562338255442229
1.0550000000000002,0.5272606382978723,0.956462170802253
1.065,0.5272606382978723,0.9565382858882631
1.0750000000000002,0.526595744680851,0.9565382858882631
1.085,0.5259308510638298,0.9566144009742731
1.0950000000000002,0.5246010638297872,0.9566144009742731
1.105,0.5219414893617021,0.9567666311462932
1.1150000000000002,0.5219414893617021,0.9568427462323033
1.125,0.5206117021276596,0.9569188613183133
1.1349999999999998,0.5206117021276596,0.9569949764043233
1.145,0.5199468085106383,0.9569949764043233
1.1549999999999998,0.5186170212765957,0.9569949764043233
1.165,0.5179521276595744,0.9573755518343736
1.1749999999999998,0.5172872340425532,0.9574516669203836
1.185,0.5159574468085106,0.9574516669203836
1.1949999999999998,0.5146276595744681,0.9574516669203836
1.205,0.5132978723404256,0.9577561272644238
1.2149999999999999,0.5132978723404256,0.9579083574364439
1.225,0.5132978723404256,0.957984472522454
1.2349999999999999,0.5126329787234043,0.957984472522454
1.245,0.5106382978723404,0.9583650479525042
1.255,0.5093085106382979,0.9584411630385142
1.2650000000000001,0.5079787234042553,0.9584411630385142
1.275,0.507313829787234,0.9585933932105343
1.2850000000000001,0.5059840425531915,0.9585933932105343
1.295,0.5033244680851063,0.9585933932105343
1.3050000000000002,0.5026595744680851,0.9586695082965444
1.315,0.5026595744680851,0.9589739686405846
1.3250000000000002,0.5013297872340425,0.9590500837265946
1.34,0.49933510638297873,0.9592023138986147
1.355,0.49867021276595747,0.9594306591566448
1.3650000000000002,0.49867021276595747,0.9595067742426548
1.375,0.49800531914893614,0.959735119500685
1.3849999999999998,0.4966755319148936,0.959811234586695
1.395,0.49601063829787234,0.9599634647587152
1.4049999999999998,0.4953457446808511,0.9599634647587152
1.415,0.4946808510638298,0.9599634647587152
1.4249999999999998,0.4940159574468085,0.9601156949307352
1.435,0.4933510638297872,0.9604201552747754
1.4449999999999998,0.4920212765957447,0.9606485005328056
1.455,0.49069148936170215,0.9608768457908358
1.4649999999999999,0.4900265957446808,0.9610290759628558
1.475,0.4886968085106383,0.9610290759628558
1.4849999999999999,0.488031914893617,0.9611051910488659
1.495,0.4867021276595745,0.9611051910488659
1.505,0.4853723404255319,0.961181306134876
1.5150000000000001,0.48470744680851063,0.961333536306896
1.525,0.48470744680851063,0.9615618815649262
1.5350000000000001,0.48470744680851063,0.9618663419089664
1.545,0.48404255319148937,0.9620185720809864
1.5550000000000002,0.4833776595744681,0.9620185720809864
1.565,0.48271276595744683,0.9620185720809864
1.5750000000000002,0.4820478723404255,0.9620946871669965
1.585,0.4820478723404255,0.9621708022530066
1.5950000000000002,0.480718085106383,0.9621708022530066
1.605,0.480718085106383,0.9622469173390166
1.6150000000000002,0.4800531914893617,0.9622469173390166
1.635,0.4773936170212766,0.9623230324250266
1.6549999999999998,0.4767287234042553,0.9623230324250266
1.665,0.4767287234042553,0.9625513776830568
1.6749999999999998,0.4753989361702128,0.9625513776830568
1.685,0.4747340425531915,0.9625513776830568
1.6949999999999998,0.4740691489361702,0.9625513776830568
1.705,0.4734042553191489,0.9625513776830568
1.7149999999999999,0.47273936170212766,0.9627036078550769
1.725,0.47273936170212766,0.9627797229410869
1.7349999999999999,0.4714095744680851,0.962855838027097
1.745,0.4714095744680851,0.9630841832851271
1.755,0.4714095744680851,0.9631602983711371
1.7650000000000001,0.47074468085106386,0.9631602983711371
1.78,0.47007978723404253,0.9632364134571472
1.795,0.46875,0.9633125285431573
1.8050000000000002,0.46742021276595747,0.9633125285431573
1.82,0.46742021276595747,0.9633886436291673
1.835,0.46675531914893614,0.9633886436291673
1.8450000000000002,0.4654255319148936,0.9634647587151773
1.855,0.4640957446808511,0.9634647587151773
1.87,0.4627659574468085,0.9636169888871975
1.8849999999999998,0.4621010638297872,0.9636931039732075
1.895,0.4621010638297872,0.9637692190592175
1.9049999999999998,0.46143617021276595,0.9638453341452276
1.915,0.4601063829787234,0.9639975643172477
1.9249999999999998,0.45944148936170215,0.9639975643172477
1.935,0.4587765957446808,0.9639975643172477
1.9449999999999998,0.4587765957446808,0.9640736794032577
1.955,0.45811170212765956,0.9641497944892677
1.9649999999999999,0.45811170212765956,0.9642259095752779
1.975,0.456781914893617,0.9643781397472979
1.9849999999999999,0.456781914893617,0.964530369919318
1.995,0.45611702127659576,0.964530369919318
2.005,0.45611702127659576,0.9647587151773481
2.0149999999999997,0.4554521276595745,0.9647587151773481
2.025,0.4554521276595745,0.9648348302633581
2.035,0.45478723404255317,0.9648348302633581
2.045,0.45478723404255317,0.9649109453493683
2.0549999999999997,0.45345744680851063,0.9650631755213883
2.065,0.45279255319148937,0.9650631755213883
2.075,0.45279255319148937,0.9652915207794185
2.085,0.45279255319148937,0.9653676358654285
2.0949999999999998,0.45279255319148937,0.9655959811234587
2.105,0.4507978723404255,0.9658243263814889
2.12,0.449468085106383,0.9660526716395189
2.135,0.4488031914893617,0.9662049018115391
2.145,0.44813829787234044,0.9662049018115391
2.1550000000000002,0.44813829787234044,0.9663571319835591
2.165,0.4474734042553192,0.9664332470695692
2.175,0.44680851063829785,0.9665093621555793
2.185,0.44680851063829785,0.9665854772415893
2.1950000000000003,0.4461436170212766,0.9666615923275993
2.205,0.4454787234042553,0.9667377074136094
2.215,0.4434840425531915,0.9668899375856295
2.225,0.4421542553191489,0.9670421677576496
2.2350000000000003,0.4408244680851064,0.9671182828436596
2.25,0.4401595744680851,0.9671182828436596
2.2649999999999997,0.4401595744680851,0.9671943979296697
2.275,0.43949468085106386,0.9673466281016898
2.29,0.43816489361702127,0.9673466281016898
2.3049999999999997,0.43683510638297873,0.9673466281016898
2.315,0.43617021276595747,0.9674227431876998
2.325,0.4341755319148936,0.9674227431876998
2.335,0.4328457446808511,0.9674227431876998
2.3449999999999998,0.4328457446808511,0.9675749733597199
2.355,0.4321808510638298,0.96772720353174
2.365,0.4315159574468085,0.96772720353174
2.38,0.4308510638297872,0.96772720353174
2.395,0.43018617021276595,0.96772720353174
2.4050000000000002,0.4288563829787234,0.96772720353174
2.415,0.4288563829787234,0.9678794337037601
2.425,0.4288563829787234,0.9679555487897701
2.4400000000000004,0.42819148936170215,0.9681838940478003
2.455,0.4275265957446808,0.9681838940478003
2.4699999999999998,0.4275265957446808,0.9682600091338103
2.4850000000000003,0.42686170212765956,0.9683361242198204
2.495,0.4261968085106383,0.9684122393058304
2.5149999999999997,0.425531914893617,0.9684883543918404
2.535,0.425531914893617,0.9686405845638606
2.545,0.42486702127659576,0.9687166996498706
2.5549999999999997,0.4242021276595745,0.9687166996498706
2.5700000000000003,0.4242021276595745,0.9688689298218907
2.585,0.42353723404255317,0.9688689298218907
2.5999999999999996,0.42353723404255317,0.9689450449079008
2.62,0.42220744680851063,0.9690972750799208
2.635,0.42220744680851063,0.9691733901659308
2.6500000000000004,0.4208776595744681,0.969325620337951
2.665,0.42021276595744683,0.9695539655959812
2.675,0.42021276595744683,0.9696300806819912
2.685,0.4195478723404255,0.9696300806819912
2.7,0.4195478723404255,0.9697061957680012
2.7199999999999998,0.418218085106383,0.9697061957680012
2.7350000000000003,0.4175531914893617,0.9697061957680012
2.745,0.41688829787234044,0.9697823108540112
2.755,0.41688829787234044,0.9698584259400214
2.7649999999999997,0.41555851063829785,0.9698584259400214
2.775,0.41555851063829785,0.9699345410260314
2.785,0.41555851063829785,0.9700106561120414
2.795,0.4148936170212766,0.9700106561120414
2.8049999999999997,0.4142287234042553,0.9700106561120414
2.815,0.4142287234042553,0.9700867711980514
2.825,0.4142287234042553,0.9701628862840616
2.835,0.41356382978723405,0.9701628862840616
2.8499999999999996,0.41356382978723405,0.9702390013700716
2.865,0.41356382978723405,0.9703912315420916
2.875,0.4128989361702128,0.9703912315420916
2.885,0.4115691489361702,0.9705434617141118
2.895,0.4115691489361702,0.9706195768001218
2.9050000000000002,0.4109042553191489,0.9706195768001218
2.92,0.4109042553191489,0.9706956918861318
2.935,0.4109042553191489,0.9707718069721418
2.95,0.41023936170212766,0.9707718069721418
2.965,0.4095744680851064,0.970847922058152
2.995,0.40824468085106386,0.970847922058152
3.035,0.40824468085106386,0.970924037144162
3.0549999999999997,0.40757978723404253,0.971000152230172
3.08,0.40691489361702127,0.971000152230172
3.1100000000000003,0.40625,0.971076267316182
3.125,0.40492021276595747,0.971076267316182
3.135,0.4035904255319149,0.971076267316182
3.145,0.4029255319148936,0.971076267316182
3.1550000000000002,0.4029255319148936,0.9711523824021921
3.165,0.4029255319148936,0.9712284974882022
3.1799999999999997,0.40226063829787234,0.9712284974882022
3.2,0.40226063829787234,0.9713046125742122
3.215,0.4009308510638298,0.9713046125742122
3.225,0.4002659574468085,0.9713046125742122
3.2350000000000003,0.4002659574468085,0.9713807276602222
3.245,0.3996010638297872,0.9713807276602222
3.255,0.3996010638297872,0.9714568427462323
3.2649999999999997,0.3982712765957447,0.9715329578322424
3.275,0.39694148936170215,0.9715329578322424
3.285,0.3962765957446808,0.9715329578322424
3.295,0.39561170212765956,0.9716090729182524
3.3099999999999996,0.394281914893617,0.9716090729182524
3.325,0.3929521276595745,0.9716851880042624
3.335,0.39228723404255317,0.9716851880042624
3.3499999999999996,0.3916223404255319,0.9716851880042624
3.365,0.39095744680851063,0.9717613030902725
3.38,0.39095744680851063,0.9718374181762826
3.395,0.39095744680851063,0.9719135332622926
3.4050000000000002,0.39095744680851063,0.9719896483483026
3.42,0.39029255319148937,0.9721418785203227
3.435,0.3896276595744681,0.9721418785203227
3.4450000000000003,0.38896276595744683,0.9721418785203227
3.465,0.3882978723404255,0.9721418785203227
3.495,0.38763297872340424,0.9721418785203227
3.5149999999999997,0.386968085106383,0.9721418785203227
3.525,0.3863031914893617,0.9721418785203227
3.535,0.3863031914893617,0.9722179936063328
3.545,0.3863031914893617,0.9722941086923428
3.5549999999999997,0.3863031914893617,0.9723702237783529
3.565,0.3849734042553192,0.9723702237783529
3.575,0.3836436170212766,0.9723702237783529
3.6100000000000003,0.3829787234042553,0.9723702237783529
3.6550000000000002,0.38231382978723405,0.9723702237783529
3.7,0.3816489361702128,0.9723702237783529
3.7350000000000003,0.3803191489361702,0.9724463388643629
3.745,0.3803191489361702,0.972522453950373
3.755,0.3796542553191489,0.972598569036383
3.7699999999999996,0.3796542553191489,0.9726746841223931
3.8,0.3796542553191489,0.9727507992084031
3.825,0.37898936170212766,0.9727507992084031
3.8449999999999998,0.3783244680851064,0.9728269142944131
3.865,0.3783244680851064,0.9729030293804232
3.875,0.3776595744680851,0.9729791444664333
3.8899999999999997,0.3776595744680851,0.9730552595524433
3.9050000000000002,0.37699468085106386,0.9730552595524433
3.915,0.37699468085106386,0.9731313746384533
3.9299999999999997,0.37632978723404253,0.9732074897244634
3.9450000000000003,0.37632978723404253,0.9732836048104735
3.96,0.37632978723404253,0.9733597198964835
3.975,0.37566489361702127,0.9733597198964835
3.99,0.375,0.9734358349824935
4.005,0.375,0.9735119500685036
4.025,0.375,0.9735880651545136
4.045,0.37433510638297873,0.9736641802405237
4.0649999999999995,0.37367021276595747,0.9736641802405237
4.09,0.37300531914893614,0.9737402953265337
4.105,0.3723404255319149,0.9738164104125437
4.115,0.3716755319148936,0.9738164104125437
4.13,0.37101063829787234,0.9738925254985538
4.15,0.3703457446808511,0.9738925254985538
4.165,0.3696808510638298,0.9738925254985538
4.175,0.3683510638297872,0.9738925254985538
4.199999999999999,0.36768617021276595,0.9738925254985538
4.23,0.36768617021276595,0.9739686405845639
4.25,0.36768617021276595,0.9740447556705739
4.265,0.36768617021276595,0.9741208707565839
4.275,0.36768617021276595,0.974196985842594
4.285,0.3670212765957447,0.974196985842594
4.3100000000000005,0.3663563829787234,0.974196985842594
4.34,0.3663563829787234,0.9742731009286041
4.355,0.3650265957446808,0.9743492160146141
4.365,0.3650265957446808,0.9744253311006241
4.375,0.36436170212765956,0.9745775612726443
4.41,0.3636968085106383,0.9745775612726443
4.45,0.36236702127659576,0.9745775612726443
4.465,0.36236702127659576,0.9747297914446643
4.484999999999999,0.3617021276595745,0.9748059065306743
4.525,0.36103723404255317,0.9748820216166845
4.555,0.3603723404255319,0.9749581367026945
4.574999999999999,0.35970744680851063,0.9749581367026945
4.595,0.35970744680851063,0.9750342517887045
4.619999999999999,0.35970744680851063,0.9751103668747145
4.645,0.35904255319148937,0.9751103668747145
4.66,0.35904255319148937,0.9751864819607247
4.68,0.35904255319148937,0.9752625970467347
4.705,0.3583776595744681,0.9753387121327447
4.73,0.35771276595744683,0.9753387121327447
4.76,0.35771276595744683,0.9754148272187547
4.785,0.35638297872340424,0.9754148272187547
4.8100000000000005,0.355718085106383,0.9754148272187547
4.835,0.3550531914893617,0.9754909423047649
4.85,0.3550531914893617,0.9755670573907749
4.865,0.35438829787234044,0.9755670573907749
4.875,0.3537234042553192,0.9755670573907749
4.885,0.3537234042553192,0.9756431724767849
4.895,0.3537234042553192,0.9757192875627949
4.905,0.35305851063829785,0.9757192875627949
4.92,0.3517287234042553,0.975795402648805
4.9350000000000005,0.35106382978723405,0.975795402648805
4.945,0.3503989361702128,0.975795402648805
4.970000000000001,0.3497340425531915,0.975795402648805
5.015000000000001,0.3490691489361702,0.975795402648805
5.045,0.3484042553191489,0.975795402648805
5.055,0.3484042553191489,0.9758715177348151
5.074999999999999,0.3484042553191489,0.9759476328208251
5.1,0.3484042553191489,0.9760237479068351
5.115,0.3484042553191489,0.9760998629928452
5.145,0.34773936170212766,0.9760998629928452
5.1899999999999995,0.3470744680851064,0.9760998629928452
5.215,0.3464095744680851,0.9760998629928452
5.225,0.34574468085106386,0.9760998629928452
5.235,0.34507978723404253,0.9760998629928452
5.25,0.34441489361702127,0.9761759780788553
5.265,0.34441489361702127,0.9762520931648653
5.285,0.34242021276595747,0.9763282082508753
5.305,0.34175531914893614,0.9764043233368853
5.3149999999999995,0.3410904255319149,0.9764043233368853
5.325,0.33976063829787234,0.9764043233368853
5.355,0.3390957446808511,0.9764043233368853
5.385,0.3384308510638298,0.9764043233368853
5.404999999999999,0.3384308510638298,0.9764804384228954
5.425,0.3384308510638298,0.9765565535089055
5.4399999999999995,0.3377659574468085,0.9766326685949155
5.465,0.3371010638297872,0.9766326685949155
5.495,0.33643617021276595,0.9767848987669356
5.515,0.3357712765957447,0.9767848987669356
5.529999999999999,0.33444148936170215,0.9767848987669356
5.55,0.33444148936170215,0.9768610138529457
5.585,0.3337765957446808,0.9769371289389557
5.615,0.33311170212765956,0.9769371289389557
5.635,0.33311170212765956,0.9770132440249657
5.675000000000001,0.3324468085106383,0.9770132440249657
5.71,0.3324468085106383,0.9770893591109758
5.744999999999999,0.331781914893617,0.9770893591109758
5.805,0.33111702127659576,0.9770893591109758
5.845,0.3304521276595745,0.9770893591109758
5.855,0.32978723404255317,0.9770893591109758
5.865,0.3291223404255319,0.9770893591109758
5.890000000000001,0.32845744680851063,0.9770893591109758
5.92,0.32845744680851063,0.9772415892829959
5.9399999999999995,0.32845744680851063,0.9773177043690059
5.955,0.3271276595744681,0.9773177043690059
5.965,0.32646276595744683,0.977393819455016
5.984999999999999,0.3257978723404255,0.977393819455016
6.01,0.324468085106383,0.977393819455016
6.045,0.324468085106383,0.977469934541026
6.075,0.3238031914893617,0.977469934541026
6.085,0.3238031914893617,0.9775460496270361
6.1,0.32313829787234044,0.9776221647130461
6.130000000000001,0.32313829787234044,0.9777743948850662
6.165,0.3224734042553192,0.9777743948850662
6.1899999999999995,0.3224734042553192,0.9778505099710763
6.21,0.32180851063829785,0.9778505099710763
6.234999999999999,0.32180851063829785,0.9779266250570863
6.265000000000001,0.3211436170212766,0.9780027401430964
6.305,0.3211436170212766,0.9780788552291064
6.335,0.3211436170212766,0.9782310854011265
6.35,0.3211436170212766,0.9783833155731466
6.375,0.3204787234042553,0.9783833155731466
6.395,0.31981382978723405,0.9783833155731466
6.41,0.3191489361702128,0.9783833155731466
6.43,0.3184840425531915,0.9784594306591566
6.445,0.3184840425531915,0.9785355457451667
6.455,0.3184840425531915,0.9786116608311768
6.465,0.3178191489361702,0.9786116608311768
6.484999999999999,0.3171542553191489,0.9786116608311768
6.505,0.3171542553191489,0.9786877759171868
6.525,0.31648936170212766,0.9786877759171868
6.555,0.3158244680851064,0.9787638910031968
6.575,0.3151595744680851,0.9788400060892068
6.59,0.3151595744680851,0.978992236261227
6.615,0.3151595744680851,0.979068351347237
6.640000000000001,0.3151595744680851,0.979144466433247
6.675000000000001,0.3151595744680851,0.9792205815192572
6.715,0.3151595744680851,0.9792966966052672
6.735,0.31449468085106386,0.9792966966052672
6.745,0.31316489361702127,0.9792966966052672
6.76,0.3125,0.9792966966052672
6.775,0.31183510638297873,0.9792966966052672
6.785,0.31050531914893614,0.9792966966052672
6.8100000000000005,0.31050531914893614,0.9793728116912772
6.835,0.31050531914893614,0.9794489267772872
6.85,0.31050531914893614,0.9795250418632973
6.875,0.3098404255319149,0.9795250418632973
6.895,0.3098404255319149,0.9796011569493074
6.925000000000001,0.3091755319148936,0.9796011569493074
6.970000000000001,0.30851063829787234,0.9796011569493074
7.025,0.30851063829787234,0.9796772720353174
7.074999999999999,0.3078457446808511,0.9797533871213274
7.12,0.3078457446808511,0.9798295022073374
7.18,0.3065159574468085,0.9799056172933476
7.215,0.3065159574468085,0.9799817323793576
7.225,0.3065159574468085,0.9800578474653676
7.235,0.3065159574468085,0.9801339625513776
7.245,0.3058510638297872,0.9801339625513776
7.26,0.30518617021276595,0.9801339625513776
7.275,0.3045212765957447,0.9802100776373878
7.285,0.3038563829787234,0.9802100776373878
7.33,0.30319148936170215,0.9802100776373878
7.375,0.3025265957446808,0.9802100776373878
7.390000000000001,0.30186170212765956,0.9802861927233978
7.43,0.3011968085106383,0.9802861927233978
7.48,0.3011968085106383,0.9803623078094078
7.51,0.300531914893617,0.9803623078094078
7.525,0.29986702127659576,0.9803623078094078
7.550000000000001,0.2992021276595745,0.9803623078094078
7.59,0.2992021276595745,0.9804384228954178
7.615,0.2992021276595745,0.980514537981428
7.625,0.29853723404255317,0.980514537981428
7.635,0.2978723404255319,0.980514537981428
7.66,0.2978723404255319,0.980666768153448
7.6899999999999995,0.29720744680851063,0.980666768153448
7.71,0.29654255319148937,0.980666768153448
7.74,0.2958776595744681,0.980666768153448
7.765,0.2958776595744681,0.980742883239458
7.775,0.2945478723404255,0.9808189983254681
7.795,0.2945478723404255,0.9808951134114782
7.83,0.29388297872340424,0.9808951134114782
7.855,0.29388297872340424,0.9809712284974882
7.885,0.293218085106383,0.9809712284974882
7.925000000000001,0.293218085106383,0.9810473435834982
7.95,0.2925531914893617,0.9810473435834982
7.975,0.29188829787234044,0.9810473435834982
8.01,0.2912234042553192,0.9811234586695083
8.05,0.29055851063829785,0.9811234586695083
8.075,0.29055851063829785,0.9811995737555184
8.09,0.29055851063829785,0.9812756888415284
8.11,0.2898936170212766,0.9812756888415284
8.145,0.2892287234042553,0.9812756888415284
8.18,0.28856382978723405,0.9812756888415284
8.195,0.28856382978723405,0.9813518039275384
8.215,0.2878989361702128,0.9814279190135485
8.29,0.2872340425531915,0.9814279190135485
8.365,0.2872340425531915,0.9815040340995586
8.455,0.2872340425531915,0.9815801491855686
8.535,0.2865691489361702,0.9815801491855686
8.545,0.2859042553191489,0.9815801491855686
8.585,0.2859042553191489,0.9816562642715786
8.625,0.2859042553191489,0.9817323793575887
8.645,0.2859042553191489,0.9818084944435987
8.665,0.2859042553191489,0.9818846095296088
8.675,0.2845744680851064,0.9818846095296088
8.73,0.2839095744680851,0.9818846095296088
8.785,0.2839095744680851,0.9819607246156188
8.795,0.2839095744680851,0.9820368397016289
8.805,0.28324468085106386,0.9820368397016289
8.83,0.28257978723404253,0.9820368397016289
8.86,0.28257978723404253,0.9821129547876389
8.875,0.28191489361702127,0.9821129547876389
8.940000000000001,0.28191489361702127,0.982189069873649
9.045,0.28125,0.982341300045669
9.094999999999999,0.28125,0.9824174151316791
9.115,0.28058510638297873,0.9824174151316791
9.165,0.28058510638297873,0.9824935302176891
9.205,0.27992021276595747,0.9824935302176891
9.24,0.27992021276595747,0.9825696453036992
9.274999999999999,0.27925531914893614,0.9826457603897092
9.3,0.27925531914893614,0.9827218754757193
9.34,0.2785904255319149,0.9827218754757193
9.370000000000001,0.2779255319148936,0.9827218754757193
9.415,0.2779255319148936,0.9827979905617293
9.46,0.27726063829787234,0.9828741056477394
9.485,0.2759308510638298,0.9828741056477394
9.515,0.2759308510638298,0.9829502207337494
9.545,0.2752659574468085,0.9829502207337494
9.620000000000001,0.2752659574468085,0.9830263358197595
9.7,0.2752659574468085,0.9831024509057695
9.725000000000001,0.2752659574468085,0.9831785659917796
9.735,0.2752659574468085,0.9832546810777896
9.76,0.2752659574468085,0.9834069112498097
9.79,0.2752659574468085,0.9834830263358197
9.81,0.2746010638297872,0.9834830263358197
9.825,0.27393617021276595,0.9834830263358197
9.835,0.27393617021276595,0.9835591414218298
9.855,0.2732712765957447,0.9835591414218298
9.885,0.2726063829787234,0.9836352565078399
9.91,0.2726063829787234,0.9837113715938499
9.955,0.2726063829787234,0.9837874866798599
9.995000000000001,0.27194148936170215,0.9837874866798599
10.05,0.2712765957446808,0.98386360176587
10.149999999999999,0.27061170212765956,0.9839397168518801
10.25,0.2699468085106383,0.9840158319378901
10.350000000000001,0.269281914893617,0.9840158319378901
10.45,0.269281914893617,0.9840919470239001
10.55,0.26861702127659576,0.9840919470239001
10.649999999999999,0.26728723404255317,0.9840919470239001
10.75,0.26396276595744683,0.9840919470239001
10.850000000000001,0.26263297872340424,0.9841680621099101
10.95,0.2613031914893617,0.9842441771959203
11.05,0.25930851063829785,0.9843202922819303
11.149999999999999,0.25930851063829785,0.9844725224539503
11.25,0.2579787234042553,0.9846247526259705
11.350000000000001,0.25731382978723405,0.9847769827979905
11.5,0.2566489361702128,0.9849292129700107
11.649999999999999,0.2546542553191489,0.9851575582280409
11.75,0.2533244680851064,0.9851575582280409
11.850000000000001,0.2526595744680851,0.9853097884000609
11.95,0.2526595744680851,0.9853859034860709
12.1,0.25199468085106386,0.9853859034860709
12.25,0.25,0.9854620185720809
12.350000000000001,0.25,0.9855381336580911
12.45,0.24933510638297873,0.9856903638301111
12.6,0.24867021276595744,0.9857664789161211
12.75,0.2473404255319149,0.9857664789161211
12.850000000000001,0.24534574468085107,0.9858425940021313
12.95,0.2440159574468085,0.9858425940021313
13.05,0.24335106382978725,0.9859948241741513
13.149999999999999,0.24202127659574468,0.9860709392601613
13.25,0.24202127659574468,0.9862231694321815
13.350000000000001,0.24135638297872342,0.9863753996042015
13.45,0.24135638297872342,0.9864515146902116
13.6,0.24069148936170212,0.9865276297762217
13.75,0.2386968085106383,0.9866798599482417
13.850000000000001,0.23736702127659576,0.9867559750342518
13.95,0.2360372340425532,0.9868320901202619
14.2,0.23470744680851063,0.9869082052062719
14.45,0.23337765957446807,0.9869082052062719
14.55,0.23204787234042554,0.9869082052062719
14.7,0.23138297872340424,0.9869843202922819
14.850000000000001,0.2300531914893617,0.9869843202922819
14.95,0.2300531914893617,0.987060435378292
15.05,0.22872340425531915,0.987136550464302
15.149999999999999,0.22672872340425532,0.987136550464302
15.25,0.2247340425531915,0.987136550464302
15.350000000000001,0.22340425531914893,0.9872126655503121
15.45,0.2220744680851064,0.9872126655503121
15.65,0.22074468085106383,0.9872126655503121
15.9,0.22074468085106383,0.9872887806363221
16.05,0.22074468085106383,0.9874410108083422
16.200000000000003,0.22007978723404256,0.9874410108083422
16.35,0.21941489361702127,0.9874410108083422
16.549999999999997,0.21808510638297873,0.9874410108083422
16.75,0.21742021276595744,0.9875171258943523
16.85,0.21675531914893617,0.9875932409803623
16.95,0.21675531914893617,0.9876693560663724
17.05,0.2160904255319149,0.9878977013244025
17.3,0.2154255319148936,0.9878977013244025
17.55,0.2154255319148936,0.9879738164104126
17.65,0.21476063829787234,0.9880499314964226
17.75,0.21476063829787234,0.9881260465824326
17.950000000000003,0.2127659574468085,0.9882021616684427
18.15,0.2127659574468085,0.9883543918404628
18.25,0.21210106382978725,0.9884305069264728
18.35,0.21143617021276595,0.9884305069264728
18.45,0.21010638297872342,0.9884305069264728
18.55,0.21010638297872342,0.9885066220124828
18.700000000000003,0.20877659574468085,0.9885066220124828
18.85,0.20877659574468085,0.9885827370984929
18.95,0.2081117021276596,0.9885827370984929
19.05,0.2074468085106383,0.988658852184503
19.15,0.20678191489361702,0.988658852184503
19.25,0.20678191489361702,0.988811082356523
19.4,0.20545212765957446,0.988811082356523
19.6,0.20545212765957446,0.9889633125285432
19.75,0.20545212765957446,0.9890394276145532
19.85,0.2047872340425532,0.9891155427005632
20.1,0.20412234042553193,0.9891155427005632
20.5,0.20279255319148937,0.9891155427005632
20.75,0.20279255319148937,0.9891916577865733
20.85,0.20212765957446807,0.9891916577865733
20.95,0.2014627659574468,0.9892677728725834
21.05,0.20013297872340424,0.9892677728725834
21.200000000000003,0.19946808510638298,0.9892677728725834
21.450000000000003,0.1988031914893617,0.9892677728725834
21.65,0.1981382978723404,0.9892677728725834
21.75,0.1981382978723404,0.9893438879585934
21.9,0.1981382978723404,0.9894200030446034
22.05,0.19680851063829788,0.9894200030446034
22.200000000000003,0.19547872340425532,0.9894200030446034
22.5,0.19547872340425532,0.9894961181306134
22.75,0.19481382978723405,0.9895722332166236
22.85,0.19481382978723405,0.9896483483026336
23.25,0.1934840425531915,0.9898005784746536
23.75,0.19281914893617022,0.9898766935606638
24.049999999999997,0.19148936170212766,0.9898766935606638
24.25,0.1908244680851064,0.9898766935606638
24.4,0.1908244680851064,0.9899528086466738
24.55,0.1908244680851064,0.9901050388186938
24.8,0.1908244680851064,0.990257268990714
25.1,0.1908244680851064,0.990333384076724
25.25,0.1901595744680851,0.990333384076724
25.35,0.18949468085106383,0.990333384076724
25.5,0.18816489361702127,0.990409499162734
25.65,0.1875,0.990409499162734
25.85,0.18683510638297873,0.990409499162734
26.2,0.18550531914893617,0.990409499162734
26.5,0.1848404255319149,0.990409499162734
26.700000000000003,0.1841755319148936,0.990409499162734
26.9,0.1841755319148936,0.9905617293347542
27.05,0.18284574468085107,0.9906378444207642
27.15,0.1815159574468085,0.9906378444207642
27.35,0.18085106382978725,0.9906378444207642
27.55,0.18018617021276595,0.9906378444207642
27.65,0.17952127659574468,0.9906378444207642
27.75,0.17885638297872342,0.9906378444207642
27.85,0.17819148936170212,0.9906378444207642
27.95,0.17819148936170212,0.9907139595067742
28.1,0.17752659574468085,0.9907139595067742
28.25,0.17752659574468085,0.9907900745927843
28.4,0.1768617021276596,0.9907900745927843
28.6,0.1761968085106383,0.9907900745927843
28.75,0.17553191489361702,0.9907900745927843
29,0.17486702127659576,0.9907900745927843
29.6,0.1735372340425532,0.9907900745927843
30.05,0.17287234042553193,0.9907900745927843
30.200000000000003,0.17154255319148937,0.9907900745927843
30.35,0.17154255319148937,0.9908661896787944
30.549999999999997,0.17154255319148937,0.9909423047648044
30.75,0.17087765957446807,0.9909423047648044
30.85,0.1702127659574468,0.9909423047648044
30.95,0.16954787234042554,0.9909423047648044
31.05,0.16954787234042554,0.9910945349368245
31.15,0.16821808510638298,0.9910945349368245
31.25,0.16821808510638298,0.9911706500228346
31.35,0.1668882978723404,0.9911706500228346
31.65,0.16622340425531915,0.9911706500228346
32,0.16489361702127658,0.9911706500228346
32.150000000000006,0.16489361702127658,0.9912467651088446
32.3,0.16356382978723405,0.9912467651088446
32.5,0.1622340425531915,0.9912467651088446
32.7,0.1622340425531915,0.9913228801948546
32.95,0.16156914893617022,0.9913228801948546
33.2,0.16090425531914893,0.9913228801948546
33.349999999999994,0.16023936170212766,0.9913228801948546
33.45,0.1595744680851064,0.9913989952808646
33.75,0.1589095744680851,0.9913989952808646
34.1,0.15824468085106383,0.9914751103668747
34.25,0.15824468085106383,0.9915512254528848
34.349999999999994,0.15824468085106383,0.9916273405388948
34.45,0.15691489361702127,0.9916273405388948
34.6,0.15625,0.9917795707109149
34.75,0.15558510638297873,0.9917795707109149
34.849999999999994,0.15492021276595744,0.991855685796925
35,0.15425531914893617,0.991931800882935
35.150000000000006,0.15425531914893617,0.992007915968945
35.35,0.1535904255319149,0.992007915968945
35.55,0.1535904255319149,0.9920840310549551
35.7,0.1535904255319149,0.9921601461409651
35.95,0.1529255319148936,0.9921601461409651
36.2,0.15226063829787234,0.9921601461409651
36.349999999999994,0.15226063829787234,0.9922362612269752
36.55,0.15093085106382978,0.9922362612269752
37.1,0.15093085106382978,0.9923123763129852
37.6,0.14960106382978725,0.9923123763129852
37.75,0.14893617021276595,0.9923123763129852
37.9,0.14893617021276595,0.9923884913989953
38.15,0.14827127659574468,0.9923884913989953
38.4,0.14760638297872342,0.9924646064850053
38.65,0.14760638297872342,0.9925407215710154
39.15,0.14694148936170212,0.9925407215710154
39.55,0.14627659574468085,0.9925407215710154
40,0.14627659574468085,0.9926168366570254
40.55,0.14627659574468085,0.9926929517430355
40.8,0.1456117021276596,0.9926929517430355
40.95,0.1449468085106383,0.9926929517430355
41.05,0.14428191489361702,0.9926929517430355
41.150000000000006,0.14428191489361702,0.9927690668290455
41.400000000000006,0.14428191489361702,0.9928451819150556
41.650000000000006,0.14361702127659576,0.9929212970010656
41.8,0.14361702127659576,0.9929974120870757
42,0.14295212765957446,0.9929974120870757
42.25,0.1422872340425532,0.9929974120870757
42.45,0.14162234042553193,0.9929974120870757
42.65,0.14029255319148937,0.9929974120870757
42.849999999999994,0.14029255319148937,0.9930735271730857
43,0.13962765957446807,0.9930735271730857
43.150000000000006,0.1389627659574468,0.9930735271730857
43.25,0.13829787234042554,0.9930735271730857
43.45,0.13763297872340424,0.9930735271730857
43.650000000000006,0.13696808510638298,0.9930735271730857
43.75,0.1363031914893617,0.9930735271730857
43.849999999999994,0.1356382978723404,0.9930735271730857
44.05,0.1356382978723404,0.9931496422590957
44.25,0.13497340425531915,0.9931496422590957
44.5,0.13497340425531915,0.9932257573451058
44.75,0.13430851063829788,0.9932257573451058
44.849999999999994,0.13364361702127658,0.9932257573451058
44.95,0.13297872340425532,0.9932257573451058
45.35,0.13297872340425532,0.9933018724311159
45.8,0.13231382978723405,0.9933018724311159
45.95,0.13164893617021275,0.9933018724311159
46.5,0.1309840425531915,0.9933018724311159
47.05,0.13031914893617022,0.9933018724311159
47.150000000000006,0.12898936170212766,0.9933018724311159
47.25,0.1283244680851064,0.9933018724311159
47.349999999999994,0.1276595744680851,0.9933018724311159
47.55,0.12699468085106383,0.9933018724311159
47.900000000000006,0.12632978723404256,0.9933018724311159
48.2,0.12566489361702127,0.9933018724311159
48.349999999999994,0.125,0.9933779875171259
49.15,0.12367021276595745,0.993530217689146
50,0.12367021276595745,0.9936063327751561
50.400000000000006,0.12234042553191489,0.9936063327751561
50.75,0.12167553191489362,0.9936063327751561
50.9,0.12101063829787234,0.9936063327751561
51.05,0.12101063829787234,0.9936824478611661
51.400000000000006,0.12101063829787234,0.9937585629471761
51.95,0.1196808510638298,0.9937585629471761
52.25,0.11901595744680851,0.9937585629471761
52.849999999999994,0.11768617021276596,0.9937585629471761
53.55,0.11702127659574468,0.9937585629471761
53.8,0.11702127659574468,0.9938346780331861
53.95,0.11702127659574468,0.9939107931191963
54.05,0.1163563829787234,0.9939107931191963
54.150000000000006,0.11569148936170212,0.9939107931191963
54.5,0.11502659574468085,0.9939107931191963
54.9,0.11436170212765957,0.9939107931191963
55.45,0.11369680851063829,0.9939869082052063
55.95,0.11303191489361702,0.9940630232912163
56.25,0.11236702127659574,0.9940630232912163
56.55,0.11170212765957446,0.9940630232912163
56.75,0.1110372340425532,0.9940630232912163
57.05,0.11037234042553191,0.9940630232912163
57.55,0.10970744680851063,0.9940630232912163
58.099999999999994,0.10970744680851063,0.9941391383772263
58.4,0.10904255319148937,0.9941391383772263
58.6,0.10837765957446809,0.9941391383772263
58.75,0.1077127659574468,0.9941391383772263
59,0.1077127659574468,0.9942152534632364
59.5,0.1077127659574468,0.9942913685492465
59.95,0.10704787234042554,0.9942913685492465
60.35,0.10638297872340426,0.9942913685492465
60.7,0.10638297872340426,0.9943674836352565
60.95,0.10571808510638298,0.9943674836352565
61.3,0.10505319148936171,0.9943674836352565
61.55,0.10438829787234043,0.9943674836352565
62.3,0.10438829787234043,0.9944435987212665
63.2,0.10372340425531915,0.9944435987212665
63.65,0.10305851063829788,0.9944435987212665
64.35,0.1023936170212766,0.9944435987212665
65,0.1023936170212766,0.9945197138072766
65.25,0.1023936170212766,0.9945958288932867
65.55,0.1023936170212766,0.9946719439792967
66.05,0.10106382978723404,0.9946719439792967
66.4,0.10039893617021277,0.9946719439792967
67.25,0.09973404255319149,0.9946719439792967
68.45,0.09840425531914894,0.9946719439792967
69,0.09840425531914894,0.9947480590653067
69.4,0.09840425531914894,0.9948241741513167
69.85,0.09773936170212766,0.9948241741513167
71.2,0.09773936170212766,0.9949002892373269
72.7,0.09707446808510638,0.9949764043233369
73.3,0.09640957446808511,0.9949764043233369
74.05,0.09640957446808511,0.9950525194093469
74.6,0.09574468085106383,0.9950525194093469
74.75,0.09507978723404255,0.9950525194093469
75.9,0.09507978723404255,0.9951286344953569
77.4,0.09441489361702128,0.9951286344953569
77.9,0.09375,0.9951286344953569
78.1,0.09308510638297872,0.9951286344953569
78.9,0.09242021276595745,0.9951286344953569
79.9,0.09242021276595745,0.9952047495813671
80.4,0.09175531914893617,0.9952047495813671
80.65,0.09109042553191489,0.9952047495813671
80.80000000000001,0.09042553191489362,0.9952047495813671
80.95,0.08976063829787234,0.9952047495813671
81.25,0.08976063829787234,0.9952808646673771
81.6,0.08909574468085106,0.9952808646673771
82.45,0.0884308510638298,0.9952808646673771
83.35,0.08776595744680851,0.9952808646673771
83.55,0.08776595744680851,0.9953569797533871
83.69999999999999,0.08710106382978723,0.9953569797533871
84.1,0.08710106382978723,0.9954330948393971
84.7,0.08643617021276596,0.9954330948393971
85.2,0.08577127659574468,0.9954330948393971
85.6,0.08577127659574468,0.9955092099254073
85.94999999999999,0.0851063829787234,0.9955092099254073
86.44999999999999,0.08444148936170212,0.9955092099254073
86.94999999999999,0.08444148936170212,0.9955853250114173
87.15,0.08377659574468085,0.9955853250114173
87.30000000000001,0.08311170212765957,0.9955853250114173
87.75,0.08244680851063829,0.9955853250114173
88.35,0.08244680851063829,0.9957375551834373
88.69999999999999,0.08178191489361702,0.9957375551834373
89.25,0.08111702127659574,0.9957375551834373
89.75,0.08111702127659574,0.9958136702694474
89.85,0.08045212765957446,0.9958136702694474
89.95,0.0797872340425532,0.9958136702694474
90.5,0.07912234042553191,0.9958136702694474
91.15,0.07912234042553191,0.9958897853554575
91.8,0.07912234042553191,0.9960420155274775
92.8,0.07912234042553191,0.9961181306134876
93.4,0.07912234042553191,0.9961942456994977
93.65,0.07845744680851063,0.9961942456994977
94.25,0.07779255319148937,0.9961942456994977
95.25,0.07712765957446809,0.9961942456994977
95.85,0.0764627659574468,0.9961942456994977
96.2,0.0764627659574468,0.9962703607855077
96.75,0.07513297872340426,0.9962703607855077
97.45,0.07446808510638298,0.9962703607855077
98.30000000000001,0.07380319148936171,0.9962703607855077
98.75,0.07313829787234043,0.9962703607855077
99.3,0.07247340425531915,0.9962703607855077
100.9,0.07247340425531915,0.9963464758715177
102.5,0.07180851063829788,0.9963464758715177
104,0.0711436170212766,0.9963464758715177
106,0.06981382978723404,0.9963464758715177
107.5,0.06914893617021277,0.9963464758715177
108.5,0.0678191489361702,0.9963464758715177
109.5,0.06648936170212766,0.9963464758715177
110.5,0.06515957446808511,0.9963464758715177
111.5,0.06449468085106383,0.9963464758715177
112.5,0.06382978723404255,0.9963464758715177
113.5,0.0625,0.9963464758715177
114.5,0.059175531914893616,0.9964225909575278
115.5,0.05784574468085106,0.9964225909575278
116.5,0.05784574468085106,0.9964987060435379
117.5,0.057180851063829786,0.9964987060435379
118.5,0.05651595744680851,0.9964987060435379
119.5,0.05518617021276596,0.9964987060435379
120.5,0.05319148936170213,0.9964987060435379
121.5,0.0511968085106383,0.9964987060435379
122.5,0.04920212765957447,0.9965748211295479
124,0.04853723404255319,0.9965748211295479
126,0.04853723404255319,0.9966509362155579
127.5,0.047872340425531915,0.996803166387578
128.5,0.04720744680851064,0.996803166387578
130,0.04654255319148936,0.996803166387578
131.5,0.045877659574468085,0.996803166387578
133,0.045877659574468085,0.9968792814735881
135,0.04521276595744681,0.9969553965595981
136.5,0.04454787234042553,0.9969553965595981
138,0.04454787234042553,0.9970315116456082
139.5,0.04454787234042553,0.9971076267316182
140.5,0.04321808510638298,0.9971076267316182
141.5,0.0425531914893617,0.9971076267316182
142.5,0.04188829787234043,0.9971837418176283
143.5,0.041223404255319146,0.9972598569036383
145,0.04055851063829787,0.9972598569036383
146.5,0.0398936170212766,0.9974882021616684
147.5,0.03856382978723404,0.9975643172476785
148.5,0.03789893617021277,0.9975643172476785
150,0.03789893617021277,0.9976404323336885
153.5,0.03723404255319149,0.9976404323336885
156.5,0.03590425531914894,0.9976404323336885
157.5,0.03523936170212766,0.9976404323336885
158.5,0.034574468085106384,0.9977926625057086
159.5,0.0339095744680851,0.9977926625057086
160.5,0.0339095744680851,0.9978687775917187
161.5,0.031914893617021274,0.9979448926777287
162.5,0.02992021276595745,0.9979448926777287
163.5,0.02992021276595745,0.9980210077637388
164.5,0.02925531914893617,0.9980210077637388
166,0.028590425531914893,0.9980210077637388
167.5,0.028590425531914893,0.9981732379357589
169,0.028590425531914893,0.998325468107779
170.5,0.027925531914893616,0.998401583193789
171.5,0.026595744680851064,0.998401583193789
173,0.025930851063829786,0.9985538133658091
175,0.02526595744680851,0.9986299284518192
176.5,0.023936170212765957,0.9987060435378292
177.5,0.02327127659574468,0.9987060435378292
178.5,0.022606382978723406,0.9987821586238392
180,0.022606382978723406,0.9988582737098493
182,0.02127659574468085,0.9988582737098493
184.5,0.0199468085106383,0.9988582737098493
187,0.01928191489361702,0.9988582737098493
188.5,0.018617021276595744,0.9989343887958594
189.5,0.018617021276595744,0.9990866189678794
191,0.01795212765957447,0.9990866189678794
193,0.01795212765957447,0.9991627340538894
195,0.017287234042553192,0.9991627340538894
196.5,0.016622340425531915,0.9992388491398996
198,0.016622340425531915,0.9993149642259096
199.5,0.016622340425531915,0.9993910793119196
200.5,0.014627659574468085,0.9994671943979296
202,0.014627659574468085,0.9995433094839398
204,0.013962765957446808,0.9995433094839398
206,0.012632978723404254,0.9995433094839398
207.5,0.011303191489361703,0.9995433094839398
208.5,0.010638297872340425,0.9995433094839398
211.5,0.00997340425531915,0.9995433094839398
215,0.008643617021276596,0.9996194245699498
216.5,0.008643617021276596,0.9996955396559598
218,0.008643617021276596,0.9997716547419698
220,0.006648936170212766,0.9997716547419698
223.5,0.005984042553191489,0.9997716547419698
227.5,0.005319148936170213,0.99984776982798
230.5,0.004654255319148936,0.99984776982798
234,0.004654255319148936,0.99992388491399
238.5,0.003989361702127659,0.99992388491399
245,0.0026595744680851063,0.99992388491399
251.5,0.0019946808510638296,0.99992388491399
254.5,0.0019946808510638296,1
255.5,0.0013297872340425532,1
262.5,6.648936170212766e-4,1
Inf,0,1
